ave_fuel,ave_time,ave_u2,frame
9.990054459774624,13.299999999999985,15.784161332886443,0
