ave_fuel,ave_time,ave_u2,frame
8.348454878071212,11.719999999999994,6.648793366776117,0
