ave_fuel,ave_time,ave_u2,frame
12.087955144608914,11.64615384615384,11.338537604121095,0
