ave_fuel,ave_time,ave_u2,frame
10.81680525258224,12.023076923076912,9.495889359183089,0
