ave_fuel,ave_time,ave_u2,frame
11.57758191990175,11.207692307692302,10.530477132196511,0
